{
  "epochs": [
    1,
    2,
    3,
    4,
    5,
    6,
    7,
    8,
    9,
    10,
    11,
    12,
    13,
    14,
    15,
    16,
    17,
    18,
    19,
    20,
    21,
    22,
    23,
    24,
    25,
    26,
    27,
    28,
    29,
    30,
    31,
    32,
    33,
    34,
    35,
    36,
    37,
    38,
    39,
    40,
    41,
    42,
    43,
    44,
    45,
    46,
    47,
    48,
    49,
    50
  ],
  "train_loss": [
    1.331869668841362,
    1.250184577226639,
    1.225700049161911,
    1.1972937784194946,
    1.1560901074409484,
    1.1229447721242904,
    1.0930334701538087,
    1.0142363164424897,
    0.9511624633073806,
    0.8975644657611846,
    0.8561026456356049,
    0.8260074928998947,
    0.8022754204273224,
    0.7808245470523835,
    0.7580062279701233,
    0.7372776674032211,
    0.7164533826708793,
    0.6896658337116242,
    0.66879513245821,
    0.6509033163785934,
    0.6345907808542252,
    0.6177941763401031,
    0.5997417519092559,
    0.5809047349095344,
    0.5624294784665108,
    0.545926322877407,
    0.5308323700428009,
    0.5160679506063461,
    0.5063074365854263,
    0.4932079974412918,
    0.48203124195337294,
    0.47124967151880265,
    0.4610774726867676,
    0.4529754486680031,
    0.443384114921093,
    0.4365783698558807,
    0.4282038333415985,
    0.4203207093477249,
    0.41264513397216795,
    0.4053668192028999,
    0.39821184700727463,
    0.39356768620014193,
    0.38790362447500226,
    0.38136587357521057,
    0.37619883900880813,
    0.3706512323021889,
    0.36493119913339617,
    0.35983961114287377,
    0.35748153281211853,
    0.35043962931632994
  ],
  "loss_components": {
    "reconstruction": [
      1.331869668841362,
      1.250184577226639,
      1.225700049161911,
      1.1972937784194946,
      1.1560901074409484,
      1.1229447721242904,
      1.0930334701538087,
      1.0142363164424897,
      0.9511624633073806,
      0.8975644657611846,
      0.8561026456356049,
      0.8260074928998947,
      0.8022754204273224,
      0.7808245470523835,
      0.7580062279701233,
      0.7372776674032211,
      0.7164533826708793,
      0.6896658337116242,
      0.66879513245821,
      0.6509033163785934,
      0.6345907808542252,
      0.6177941763401031,
      0.5997417519092559,
      0.5809047349095344,
      0.5624294784665108,
      0.545926322877407,
      0.5308323700428009,
      0.5160679506063461,
      0.5063074365854263,
      0.4932079974412918,
      0.48203124195337294,
      0.47124967151880265,
      0.4610774726867676,
      0.4529754486680031,
      0.443384114921093,
      0.4365783698558807,
      0.4282038333415985,
      0.4203207093477249,
      0.41264513397216795,
      0.4053668192028999,
      0.39821184700727463,
      0.39356768620014193,
      0.38790362447500226,
      0.38136587357521057,
      0.37619883900880813,
      0.3706512323021889,
      0.36493119913339617,
      0.35983961114287377,
      0.35748153281211853,
      0.35043962931632994
    ],
    "entropy": [
      0.0,
      0.0,
      0.0,
      0.0,
      0.0,
      0.0,
      0.0,
      0.0,
      0.0,
      0.0,
      0.0,
      0.0,
      0.0,
      0.0,
      0.0,
      0.0,
      0.0,
      0.0,
      0.0,
      0.0,
      0.0,
      0.0,
      0.0,
      0.0,
      0.0,
      0.0,
      0.0,
      0.0,
      0.0,
      0.0,
      0.0,
      0.0,
      0.0,
      0.0,
      0.0,
      0.0,
      0.0,
      0.0,
      0.0,
      0.0,
      0.0,
      0.0,
      0.0,
      0.0,
      0.0,
      0.0,
      0.0,
      0.0,
      0.0,
      0.0
    ],
    "alpha": [
      0.0,
      0.0,
      0.0,
      0.0,
      0.0,
      0.0,
      0.0,
      0.0,
      0.0,
      0.0,
      0.0,
      0.0,
      0.0,
      0.0,
      0.0,
      0.0,
      0.0,
      0.0,
      0.0,
      0.0,
      0.0,
      0.0,
      0.0,
      0.0,
      0.0,
      0.0,
      0.0,
      0.0,
      0.0,
      0.0,
      0.0,
      0.0,
      0.0,
      0.0,
      0.0,
      0.0,
      0.0,
      0.0,
      0.0,
      0.0,
      0.0,
      0.0,
      0.0,
      0.0,
      0.0,
      0.0,
      0.0,
      0.0,
      0.0,
      0.0
    ],
    "diversity": [
      0.0,
      0.0,
      0.0,
      0.0,
      0.0,
      0.0,
      0.0,
      0.0,
      0.0,
      0.0,
      0.0,
      0.0,
      0.0,
      0.0,
      0.0,
      0.0,
      0.0,
      0.0,
      0.0,
      0.0,
      0.0,
      0.0,
      0.0,
      0.0,
      0.0,
      0.0,
      0.0,
      0.0,
      0.0,
      0.0,
      0.0,
      0.0,
      0.0,
      0.0,
      0.0,
      0.0,
      0.0,
      0.0,
      0.0,
      0.0,
      0.0,
      0.0,
      0.0,
      0.0,
      0.0,
      0.0,
      0.0,
      0.0,
      0.0,
      0.0
    ]
  },
  "metrics": {
    "psnr": [
      -0.590751051902771,
      -0.8297548294067383,
      -0.2440897822380066,
      -0.0015705227851867676,
      0.7096830010414124,
      -0.846723198890686,
      -0.17143499851226807,
      0.8306950330734253,
      0.7314805388450623,
      0.3205764889717102,
      1.7201318740844727,
      1.1260801553726196,
      1.4838225841522217,
      2.0089077949523926,
      1.179774522781372,
      2.2155487537384033,
      1.9241799116134644,
      2.7201991081237793,
      3.268144369125366,
      2.3506579399108887,
      2.59971284866333,
      2.5006561279296875,
      3.874284267425537,
      2.750958204269409,
      3.0640649795532227,
      3.144955635070801,
      4.214231967926025,
      4.223454475402832,
      4.892111778259277,
      3.422807455062866,
      3.791586399078369,
      4.4351043701171875,
      4.257114410400391,
      4.622481346130371,
      4.245732307434082,
      4.210219860076904,
      5.406701564788818,
      4.489362716674805,
      4.553899765014648,
      4.616995334625244,
      5.802841663360596,
      5.279356002807617,
      4.8835296630859375,
      5.270880699157715,
      5.506103992462158,
      5.984577178955078,
      5.158524036407471,
      4.547874927520752,
      5.496700286865234,
      5.946920871734619
    ],
    "ssim": [
      0.04998175427317619,
      0.05102573335170746,
      0.06476669758558273,
      0.11030946671962738,
      0.06455293297767639,
      0.24043810367584229,
      0.2504989504814148,
      0.25178855657577515,
      0.4448275864124298,
      0.4834268093109131,
      0.6245512366294861,
      0.4623641073703766,
      0.5694826245307922,
      0.45613041520118713,
      0.38968172669410706,
      0.48906922340393066,
      0.5415006875991821,
      0.5129175186157227,
      0.5749989748001099,
      0.45689547061920166,
      0.6184223294258118,
      0.5687969326972961,
      0.6556566953659058,
      0.6652750968933105,
      0.5791441202163696,
      0.5169382691383362,
      0.6216111183166504,
      0.7206300497055054,
      0.5778723359107971,
      0.5326782464981079,
      0.6812924146652222,
      0.7977226972579956,
      0.6318477988243103,
      0.7802431583404541,
      0.6459165811538696,
      0.6627671718597412,
      0.5951420068740845,
      0.7564576268196106,
      0.6614024639129639,
      0.7233555316925049,
      0.7950915694236755,
      0.7555433511734009,
      0.7043144702911377,
      0.7540246248245239,
      0.6496590375900269,
      0.7182707786560059,
      0.7579559087753296,
      0.7373965978622437,
      0.6771508455276489,
      0.7847514152526855
    ],