{
  "epochs": [
    1,
    2,
    3,
    4,
    5,
    6,
    7,
    8,
    9,
    10,
    11,
    12,
    13,
    14,
    15,
    16,
    17,
    18,
    19,
    20,
    21,
    22,
    23,
    24,
    25,
    26,
    27,
    28,
    29,
    30,
    31,
    32,
    33,
    34,
    35,
    36,
    37,
    38,
    39,
    40,
    41,
    42,
    43,
    44,
    45,
    46,
    47,
    48,
    49,
    50
  ],
  "train_loss": [
    1.318993127346039,
    1.2424409968852996,
    1.205831522345543,
    1.193503120303154,
    1.1761176600456238,
    1.1466608268022538,
    1.1336829565763473,
    1.1163316082954406,
    1.0827363923788071,
    1.0521819952726363,
    1.0157207025289536,
    0.9970451593399048,
    0.9670116543769837,
    0.933911141872406,
    0.9073094848394394,
    0.8614340167045593,
    0.8297519923448563,
    0.8103033314943313,
    0.7923322687149048,
    0.7700343791246415,
    0.7525427662134171,
    0.7374157888889312,
    0.720735545694828,
    0.7077538911104202,
    0.6911012989878654,
    0.6778664028644562,
    0.6634525431394577,
    0.6511107167601585,
    0.6356697859168052,
    0.6227042398452759,
    0.6071832516789436,
    0.5964787337183952,
    0.58240194439888,
    0.5701814873814582,
    0.5577778092622757,
    0.548144497513771,
    0.5361898124217988,
    0.5253687982559204,
    0.5153920655250549,
    0.5065629665851593,
    0.49679833590984346,
    0.49076234167814253,
    0.4817405227422714,
    0.4730460137724876,
    0.46660036593675613,
    0.4585495489835739,
    0.4522838298678398,
    0.4436144031882286,
    0.43781892013549806,
    0.43177247065305707
  ],
  "loss_components": {
    "reconstruction": [
      1.318993127346039,
      1.2424409968852996,
      1.205831522345543,
      1.193503120303154,
      1.1761176600456238,
      1.1466608268022538,
      1.1336829565763473,
      1.1163316082954406,
      1.0827363923788071,
      1.0521819952726363,
      1.0157207025289536,
      0.9970451593399048,
      0.9670116543769837,
      0.933911141872406,
      0.9073094848394394,
      0.8614340167045593,
      0.8297519923448563,
      0.8103033314943313,
      0.7923322687149048,
      0.7700343791246415,
      0.7525427662134171,
      0.7374157888889312,
      0.720735545694828,
      0.7077538911104202,
      0.6911012989878654,
      0.6778664028644562,
      0.6634525431394577,
      0.6511107167601585,
      0.6356697859168052,
      0.6227042398452759,
      0.6071832516789436,
      0.5964787337183952,
      0.58240194439888,
      0.5701814873814582,
      0.5577778092622757,
      0.548144497513771,
      0.5361898124217988,
      0.5253687982559204,
      0.5153920655250549,
      0.5065629665851593,
      0.49679833590984346,
      0.49076234167814253,
      0.4817405227422714,
      0.4730460137724876,
      0.46660036593675613,
      0.4585495489835739,
      0.4522838298678398,
      0.4436144031882286,
      0.43781892013549806,
      0.43177247065305707
    ],
    "entropy": [
      0.0,
      0.0,
      0.0,
      0.0,
      0.0,
      0.0,
      0.0,
      0.0,
      0.0,
      0.0,
      0.0,
      0.0,
      0.0,
      0.0,
      0.0,
      0.0,
      0.0,
      0.0,
      0.0,
      0.0,
      0.0,
      0.0,
      0.0,
      0.0,
      0.0,
      0.0,
      0.0,
      0.0,
      0.0,
      0.0,
      0.0,
      0.0,
      0.0,
      0.0,
      0.0,
      0.0,
      0.0,
      0.0,
      0.0,
      0.0,
      0.0,
      0.0,
      0.0,
      0.0,
      0.0,
      0.0,
      0.0,
      0.0,
      0.0,
      0.0
    ],
    "alpha": [
      0.0,
      0.0,
      0.0,
      0.0,
      0.0,
      0.0,
      0.0,
      0.0,
      0.0,
      0.0,
      0.0,
      0.0,
      0.0,
      0.0,
      0.0,
      0.0,
      0.0,
      0.0,
      0.0,
      0.0,
      0.0,
      0.0,
      0.0,
      0.0,
      0.0,
      0.0,
      0.0,
      0.0,
      0.0,
      0.0,
      0.0,
      0.0,
      0.0,
      0.0,
      0.0,
      0.0,
      0.0,
      0.0,
      0.0,
      0.0,
      0.0,
      0.0,
      0.0,
      0.0,
      0.0,
      0.0,
      0.0,
      0.0,
      0.0,
      0.0
    ],
    "diversity": [
      0.0,
      0.0,
      0.0,
      0.0,
      0.0,
      0.0,
      0.0,
      0.0,
      0.0,
      0.0,
      0.0,
      0.0,
      0.0,
      0.0,
      0.0,
      0.0,
      0.0,
      0.0,
      0.0,
      0.0,
      0.0,
      0.0,
      0.0,
      0.0,
      0.0,
      0.0,
      0.0,
      0.0,
      0.0,
      0.0,
      0.0,
      0.0,
      0.0,
      0.0,
      0.0,
      0.0,
      0.0,
      0.0,
      0.0,
      0.0,
      0.0,
      0.0,
      0.0,
      0.0,
      0.0,
      0.0,
      0.0,
      0.0,
      0.0,
      0.0
    ]
  },
  "metrics": {
    "psnr": [
      -1.0622308254241943,
      -0.4043913781642914,
      -0.4483039975166321,
      0.2517964541912079,
      0.3709252178668976,
      -0.7350770831108093,
      -0.23433387279510498,
      0.6084787249565125,
      0.6000221371650696,
      0.4933939278125763,
      0.042292654514312744,
      0.5142903327941895,
      -0.2140030562877655,
      0.6426855325698853,
      0.5633379220962524,
      0.878562867641449,
      1.1710586547851562,
      1.2155165672302246,
      1.457097053527832,
      1.325634479522705,
      2.124016284942627,
      1.2667741775512695,
      1.9427440166473389,
      1.8021049499511719,
      1.9796441793441772,
      3.9897799491882324,
      2.557072639465332,
      3.1118052005767822,
      2.1476621627807617,
      2.4893624782562256,
      2.5445773601531982,
      2.8143036365509033,
      2.950921058654785,
      2.7226719856262207,
      2.5221519470214844,
      3.1260952949523926,
      4.737680435180664,
      3.6301450729370117,
      3.70017409324646,
      3.75622296333313,
      3.9617955684661865,
      3.4621453285217285,
      3.7395081520080566,
      3.7376503944396973,
      4.006160736083984,
      3.362661838531494,
      5.102149963378906,
      4.249823570251465,
      4.41453218460083,
      4.290833473205566
    ],
    "ssim": [
      0.025696156546473503,
      0.054443083703517914,
      0.08411111682653427,
      0.09043842554092407,
      0.11715027689933777,
      0.11318860948085785,
      0.21317344903945923,
      0.22121602296829224,
      0.26279306411743164,
      0.22455093264579773,
      0.2779442071914673,
      0.34834563732147217,
      0.32548046112060547,
      0.4809643626213074,
      0.30292731523513794,
      0.45280328392982483,
      0.5435419082641602,
      0.43273600935935974,
      0.5430957674980164,
      0.4279380440711975,
      0.5640978217124939,
      0.48284852504730225,
      0.31504887342453003,
      0.24273383617401123,
      0.4208410978317261,
      0.5547206997871399,
      0.5135552287101746,
      0.5583166480064392,
      0.5561879277229309,
      0.6582019329071045,
      0.552626371383667,
      0.42166268825531006,
      0.5742821097373962,
      0.6501789689064026,
      0.663447380065918,
      0.5190631151199341,
      0.7045749425888062,
      0.7481440305709839,
      0.6850508451461792,
      0.5989695191383362,
      0.687412679195404,
      0.7011454105377197,
      0.5821266174316406,
      0.7286819219589233,
      0.5922427177429199,
      0.6809743046760559,
      0.6645972728729248,
      0.6644895076751709,
      0.7025707364082336,
      0.657242476940155
    ],