{
  "baseline": {
    "mse": 1.173629709124565,
    "mse_std": 0.4620031528432698,
    "psnr": -0.31901624362365694,
    "psnr_std": 1.8928019985490938,
    "ssim": 0.08642296482530151,
    "ssim_std": 0.07986404715527379,
    "l1": 0.5663829117566347,
    "l1_std": 0.19962011683612044
  },
  "spatial_fixed": {
    "mse": 1.1758298456221818,
    "mse_std": 0.4624409535002343,
    "psnr": -0.32706983625590147,
    "psnr_std": 1.8940768540897792,
    "ssim": 0.0685220439209703,
    "ssim_std": 0.07905441827597545,
    "l1": 0.5357192256972194,
    "l1_std": 0.19118187575189857
  },
  "feature_fixed": {
    "mse": 0.5438092069029808,
    "mse_std": 0.2993620102816119,
    "psnr": 3.314980542792822,
    "psnr_std": 2.4886621439897394,
    "ssim": 0.5882759073793641,
    "ssim_std": 0.3018862250942407,
    "l1": 0.2662409499809146,
    "l1_std": 0.10957329776610346
  },
  "full_fixed": {
    "mse": 0.4107987790517509,
    "mse_std": 0.2420847817069693,
    "psnr": 4.613717399255606,
    "psnr_std": 2.628445407327804,
    "ssim": 0.6210327150294616,
    "ssim_std": 0.3489228803010404,
    "l1": 0.2131209735441953,
    "l1_std": 0.09126962119328744
  },
  "spatial": {
    "mse": 0.6003183847256005,
    "mse_std": 0.30524706508263266,
    "psnr": 2.810471523199114,
    "psnr_std": 2.360806582613744,
    "ssim": 0.48438758399235665,
    "ssim_std": 0.35998717210378645,
    "l1": 0.3117840680591762,
    "l1_std": 0.11472517657662903
  },
  "feature": {
    "mse": 0.4424065110012889,
    "mse_std": 0.2471625092874958,
    "psnr": 4.224319219596684,
    "psnr_std": 2.51131497191885,
    "ssim": 0.6581663552563405,
    "ssim_std": 0.3011638989729485,
    "l1": 0.22187702067941428,
    "l1_std": 0.09045617868161424
  },
  "full": {
    "mse": 0.3352889574486762,
    "mse_std": 0.17910288284293174,
    "psnr": 5.362053068891168,
    "psnr_std": 2.3638727349165842,
    "ssim": 0.7141002639234939,
    "ssim_std": 0.2922778223596223,
    "l1": 0.19020011145062746,
    "l1_std": 0.07032589613019233
  }
}