{
  "epochs": [
    1,
    2,
    3,
    4,
    5,
    6,
    7,
    8,
    9,
    10,
    11,
    12,
    13,
    14,
    15,
    16,
    17,
    18,
    19,
    20,
    21,
    22,
    23,
    24,
    25,
    26,
    27,
    28,
    29,
    30,
    31,
    32,
    33,
    34,
    35,
    36,
    37,
    38,
    39,
    40,
    41,
    42,
    43,
    44,
    45,
    46,
    47,
    48,
    49,
    50
  ],
  "train_loss": [
    1.3085144441127776,
    1.2382326246500015,
    1.218728331565857,
    1.213995080947876,
    1.211731370329857,
    1.2073480101823806,
    1.182694965481758,
    1.1191947284936905,
    1.0797243520021438,
    1.0303659781217576,
    0.9875831540822982,
    0.9484798592329026,
    0.9172542202472687,
    0.888713341832161,
    0.855565713763237,
    0.8211294975280762,
    0.7862877506017685,
    0.7531429437398911,
    0.717443529188633,
    0.6849359292984009,
    0.6546705420017243,
    0.6262824385166168,
    0.5976886671185494,
    0.5710072637200355,
    0.5481262953281403,
    0.5271166811585426,
    0.5097862342596055,
    0.49253110617399215,
    0.4772158675789833,
    0.46270825833082196,
    0.4493947253227234,
    0.4382642903327942,
    0.4287282371520996,
    0.4186634180545807,
    0.4102896485924721,
    0.40190836748480796,
    0.39324032002687453,
    0.386306921929121,
    0.3776582465171814,
    0.3720153801441193,
    0.3657628620862961,
    0.36008862328529356,
    0.35416240403056143,
    0.3491216958463192,
    0.34463129448890684,
    0.34026674410700797,
    0.33456845927238466,
    0.3304992419183254,
    0.32691516369581225,
    0.32241288790106776
  ],
  "loss_components": {
    "reconstruction": [
      1.3085144441127776,
      1.2382326246500015,
      1.218728331565857,
      1.213995080947876,
      1.211731370329857,
      1.2073480101823806,
      1.182694965481758,
      1.1191947284936905,
      1.0797243520021438,
      1.0303659781217576,
      0.9875831540822982,
      0.9484798592329026,
      0.9172542202472687,
      0.888713341832161,
      0.855565713763237,
      0.8211294975280762,
      0.7862877506017685,
      0.7531429437398911,
      0.717443529188633,
      0.6849359292984009,
      0.6546705420017243,
      0.6262824385166168,
      0.5976886671185494,
      0.5710072637200355,
      0.5481262953281403,
      0.5271166811585426,
      0.5097862342596055,
      0.49253110617399215,
      0.4772158675789833,
      0.46270825833082196,
      0.4493947253227234,
      0.4382642903327942,
      0.4287282371520996,
      0.4186634180545807,
      0.4102896485924721,
      0.40190836748480796,
      0.39324032002687453,
      0.386306921929121,
      0.3776582465171814,
      0.3720153801441193,
      0.3657628620862961,
      0.36008862328529356,
      0.35416240403056143,
      0.3491216958463192,
      0.34463129448890684,
      0.34026674410700797,
      0.33456845927238466,
      0.3304992419183254,
      0.32691516369581225,
      0.32241288790106776
    ],
    "entropy": [
      0.0,
      0.0,
      0.0,
      0.0,
      0.0,
      0.0,
      0.0,
      0.0,
      0.0,
      0.0,
      0.0,
      0.0,
      0.0,
      0.0,
      0.0,
      0.0,
      0.0,
      0.0,
      0.0,
      0.0,
      0.0,
      0.0,
      0.0,
      0.0,
      0.0,
      0.0,
      0.0,
      0.0,
      0.0,
      0.0,
      0.0,
      0.0,
      0.0,
      0.0,
      0.0,
      0.0,
      0.0,
      0.0,
      0.0,
      0.0,
      0.0,
      0.0,
      0.0,
      0.0,
      0.0,
      0.0,
      0.0,
      0.0,
      0.0,
      0.0
    ],
    "alpha": [
      0.0,
      0.0,
      0.0,
      0.0,
      0.0,
      0.0,
      0.0,
      0.0,
      0.0,
      0.0,
      0.0,
      0.0,
      0.0,
      0.0,
      0.0,
      0.0,
      0.0,
      0.0,
      0.0,
      0.0,
      0.0,
      0.0,
      0.0,
      0.0,
      0.0,
      0.0,
      0.0,
      0.0,
      0.0,
      0.0,
      0.0,
      0.0,
      0.0,
      0.0,
      0.0,
      0.0,
      0.0,
      0.0,
      0.0,
      0.0,
      0.0,
      0.0,
      0.0,
      0.0,
      0.0,
      0.0,
      0.0,
      0.0,
      0.0,
      0.0
    ],
    "diversity": [
      0.0,
      0.0,
      0.0,
      0.0,
      0.0,
      0.0,
      0.0,
      0.0,
      0.0,
      0.0,
      0.0,
      0.0,
      0.0,
      0.0,
      0.0,
      0.0,
      0.0,
      0.0,
      0.0,
      0.0,
      0.0,
      0.0,
      0.0,
      0.0,
      0.0,
      0.0,
      0.0,
      0.0,
      0.0,
      0.0,
      0.0,
      0.0,
      0.0,
      0.0,
      0.0,
      0.0,
      0.0,
      0.0,
      0.0,
      0.0,
      0.0,
      0.0,
      0.0,
      0.0,
      0.0,
      0.0,
      0.0,
      0.0,
      0.0,
      0.0
    ]
  },
  "metrics": {
    "psnr": [
      -1.290252447128296,
      -1.0279686450958252,
      -0.6085958480834961,
      -1.1980749368667603,
      -0.5045599341392517,
      -0.17426645755767822,
      -0.3266100287437439,
      0.44881027936935425,
      -0.04623422026634216,
      -0.18561384081840515,
      0.9142337441444397,
      0.3765612244606018,
      1.7969050407409668,
      0.9779679775238037,
      0.951030969619751,
      1.0086926221847534,
      1.4830862283706665,
      2.004694938659668,
      2.691925287246704,
      2.381702423095703,
      2.115614414215088,
      3.328550100326538,
      3.7116711139678955,
      3.5699141025543213,
      2.9756741523742676,
      2.3969948291778564,
      3.135651111602783,
      3.795365810394287,
      4.376279354095459,
      4.389422416687012,
      3.2386817932128906,
      4.607048511505127,
      4.174642086029053,
      3.8894834518432617,
      4.729377746582031,
      4.939275741577148,
      5.5636701583862305,
      4.962957859039307,
      5.584994316101074,
      5.201052665710449,
      4.953194618225098,
      5.616302967071533,
      5.254523277282715,
      5.734389781951904,
      5.5493059158325195,
      5.386102199554443,
      6.074881076812744,
      6.155580043792725,
      6.596682548522949,
      6.014491558074951
    ],
    "ssim": [
      0.012953887693583965,
      0.09572587162256241,
      0.05971202999353409,
      0.06505387276411057,
      0.0757528617978096,
      0.050593748688697815,
      0.1531941294670105,
      0.1664115935564041,
      0.20882189273834229,
      0.37809449434280396,
      0.35777831077575684,
      0.2681982219219208,
      0.3788774013519287,
      0.42656487226486206,
      0.32108280062675476,
      0.44708549976348877,
      0.4403254985809326,
      0.43474793434143066,
      0.5452244877815247,
      0.5513768196105957,
      0.6036628484725952,
      0.41671839356422424,
      0.5904872417449951,
      0.6123467683792114,
      0.5166199803352356,
      0.539050281047821,
      0.6900647878646851,
      0.5300540924072266,
      0.6755618453025818,
      0.712242841720581,
      0.740278959274292,
      0.7367651462554932,
      0.6930397748947144,
      0.742772102355957,
      0.5948727130889893,
      0.7160499095916748,
      0.7410585880279541,
      0.6790164709091187,
      0.565477728843689,
      0.7938517332077026,
      0.7569217085838318,
      0.6658282279968262,
      0.8107372522354126,
      0.8397306203842163,
      0.7977331876754761,
      0.657905101776123,
      0.7607494592666626,
      0.783955454826355,
      0.8104280829429626,
      0.8095755577087402
    ],