{
  "epochs": [
    1,
    2,
    3,
    4,
    5,
    6,
    7,
    8,
    9,
    10,
    11,
    12,
    13,
    14,
    15,
    16,
    17,
    18,
    19,
    20,
    21,
    22,
    23,
    24,
    25,
    26,
    27,
    28,
    29,
    30,
    31,
    32,
    33,
    34,
    35,
    36,
    37,
    38,
    39,
    40,
    41,
    42,
    43,
    44,
    45,
    46,
    47,
    48,
    49,
    50
  ],
  "train_loss": [
    1.3125437022447586,
    1.2495532518625259,
    1.2427095203399658,
    1.2406596727371215,
    1.2316331453323364,
    1.2338397874832154,
    1.232421801686287,
    1.226000268816948,
    1.2240696858167648,
    1.2221320033073426,
    1.2206963940858842,
    1.2195518004894257,
    1.2182377613782882,
    1.2179743307828903,
    1.2186426811218263,
    1.2180823932886125,
    1.2159940314292907,
    1.2142928322553634,
    1.2123792582750321,
    1.211343999862671,
    1.2131401895284653,
    1.2118877201080323,
    1.2059388833045959,
    1.2009488849639893,
    1.202663561940193,
    1.2060711846351624,
    1.2115732654333116,
    1.2157224023342132,
    1.2098910514116288,
    1.2035781376361847,
    1.2003075374364853,
    1.1973355147838594,
    1.1956236809492111,
    1.193622460961342,
    1.1942712494134904,
    1.2027947775125503,
    1.1970487592220307,
    1.1920341182947158,
    1.190251568198204,
    1.1894345608949661,
    1.1884035106897355,
    1.1877701981067657,
    1.1873992352485656,
    1.1881834799051285,
    1.1887659238576889,
    1.1948919359445571,
    1.197969622015953,
    1.1982241516113281,
    1.1944124791622162,
    1.1917793482542038
  ],
  "loss_components": {
    "reconstruction": [
      1.3125437022447586,
      1.2495532518625259,
      1.2427095203399658,
      1.2406596727371215,
      1.2316331453323364,
      1.2338397874832154,
      1.232421801686287,
      1.226000268816948,
      1.2240696858167648,
      1.2221320033073426,
      1.2206963940858842,
      1.2195518004894257,
      1.2182377613782882,
      1.2179743307828903,
      1.2186426811218263,
      1.2180823932886125,
      1.2159940314292907,
      1.2142928322553634,
      1.2123792582750321,
      1.211343999862671,
      1.2131401895284653,
      1.2118877201080323,
      1.2059388833045959,
      1.2009488849639893,
      1.202663561940193,
      1.2060711846351624,
      1.2115732654333116,
      1.2157224023342132,
      1.2098910514116288,
      1.2035781376361847,
      1.2003075374364853,
      1.1973355147838594,
      1.1956236809492111,
      1.193622460961342,
      1.1942712494134904,
      1.2027947775125503,
      1.1970487592220307,
      1.1920341182947158,
      1.190251568198204,
      1.1894345608949661,
      1.1884035106897355,
      1.1877701981067657,
      1.1873992352485656,
      1.1881834799051285,
      1.1887659238576889,
      1.1948919359445571,
      1.197969622015953,
      1.1982241516113281,
      1.1944124791622162,
      1.1917793482542038
    ],
    "entropy": [
      0.0,
      0.0,
      0.0,
      0.0,
      0.0,
      0.0,
      0.0,
      0.0,
      0.0,
      0.0,
      0.0,
      0.0,
      0.0,
      0.0,
      0.0,
      0.0,
      0.0,
      0.0,
      0.0,
      0.0,
      0.0,
      0.0,
      0.0,
      0.0,
      0.0,
      0.0,
      0.0,
      0.0,
      0.0,
      0.0,
      0.0,
      0.0,
      0.0,
      0.0,
      0.0,
      0.0,
      0.0,
      0.0,
      0.0,
      0.0,
      0.0,
      0.0,
      0.0,
      0.0,
      0.0,
      0.0,
      0.0,
      0.0,
      0.0,
      0.0
    ],
    "alpha": [
      0.0,
      0.0,
      0.0,
      0.0,
      0.0,
      0.0,
      0.0,
      0.0,
      0.0,
      0.0,
      0.0,
      0.0,
      0.0,
      0.0,
      0.0,
      0.0,
      0.0,
      0.0,
      0.0,
      0.0,
      0.0,
      0.0,
      0.0,
      0.0,
      0.0,
      0.0,
      0.0,
      0.0,
      0.0,
      0.0,
      0.0,
      0.0,
      0.0,
      0.0,
      0.0,
      0.0,
      0.0,
      0.0,
      0.0,
      0.0,
      0.0,
      0.0,
      0.0,
      0.0,
      0.0,
      0.0,
      0.0,
      0.0,
      0.0,
      0.0
    ],
    "diversity": [
      0.0,
      0.0,
      0.0,
      0.0,
      0.0,
      0.0,
      0.0,
      0.0,
      0.0,
      0.0,
      0.0,
      0.0,
      0.0,
      0.0,
      0.0,
      0.0,
      0.0,
      0.0,
      0.0,
      0.0,
      0.0,
      0.0,
      0.0,
      0.0,
      0.0,
      0.0,
      0.0,
      0.0,
      0.0,
      0.0,
      0.0,
      0.0,
      0.0,
      0.0,
      0.0,
      0.0,
      0.0,
      0.0,
      0.0,
      0.0,
      0.0,
      0.0,
      0.0,
      0.0,
      0.0,
      0.0,
      0.0,
      0.0,
      0.0,
      0.0
    ]
  },
  "metrics": {
    "psnr": [
      0.21630021929740906,
      0.5627678036689758,
      -1.224003553390503,
      -0.3027806580066681,
      -0.5375595092773438,
      -0.5352702140808105,
      -1.5198054313659668,
      -0.6091906428337097,
      -0.5116063356399536,
      -0.6672423481941223,
      -0.9300066828727722,
      -0.5411981344223022,
      -0.12139128893613815,
      -0.3086664080619812,
      -0.6125602722167969,
      -0.6744307279586792,
      -0.6452347636222839,
      -1.0958722829818726,
      -1.0828828811645508,
      -0.5577502250671387,
      -0.7454385757446289,
      -1.195382833480835,
      0.600170373916626,
      -0.1928463578224182,
      -0.43377333879470825,
      -1.179006576538086,
      -0.6843488216400146,
      -0.8791592121124268,
      -0.5911596417427063,
      -0.8606010675430298,
      0.19309186935424805,
      -0.8831275105476379,
      0.05699288845062256,
      -0.6411089301109314,
      0.34151923656463623,
      -0.7577087879180908,
      -0.7156530022621155,
      -0.7198424339294434,
      -0.5425576567649841,
      -0.7992907166481018,
      -0.47290852665901184,
      -1.129274845123291,
      -0.9499108791351318,
      0.3202441334724426,
      -0.12486524879932404,
      0.27849826216697693,
      -1.5392334461212158,
      -0.36137938499450684,
      -0.27204251289367676,
      -0.32914483547210693
    ],
    "ssim": [
      0.02718103863298893,
      0.0023966170847415924,
      0.01805015280842781,
      0.03036363422870636,
      -0.009349821135401726,
      0.020725324749946594,
      0.08186373859643936,
      0.0669056624174118,
      0.05174779146909714,
      0.05275896191596985,
      0.05850372463464737,
      0.07888033986091614,
      0.07772208750247955,
      0.07613819092512131,
      0.06408130377531052,
      0.07536610960960388,
      0.061910636723041534,
      0.07105576992034912,
      0.08409953117370605,
      0.07247048616409302,
      0.0558636337518692,
      0.10981225967407227,
      0.09531552344560623,
      0.08824218064546585,
      0.08505970984697342,
      0.06803423166275024,
      0.06547509133815765,
      0.0727667510509491,
      0.03695927932858467,
      0.09891389310359955,
      0.08604723960161209,
      0.0917418897151947,
      0.0840066522359848,
      0.10313799977302551,
      0.06684723496437073,
      0.06478802859783173,
      0.12328033149242401,
      0.07644455134868622,
      0.06295618414878845,
      0.10255607217550278,
      0.03513867408037186,
      0.06932540237903595,
      0.12926721572875977,
      0.08039376139640808,
      0.07058586925268173,
      0.029752284288406372,
      0.09517906606197357,
      0.0648321732878685,
      0.057920098304748535,
      0.07785191386938095
    ],