{
  "epochs": [
    1,
    2,
    3,
    4,
    5,
    6,
    7,
    8,
    9,
    10,
    11,
    12,
    13,
    14,
    15,
    16,
    17,
    18,
    19,
    20,
    21,
    22,
    23,
    24,
    25,
    26,
    27,
    28,
    29,
    30,
    31,
    32,
    33,
    34,
    35,
    36,
    37,
    38,
    39,
    40,
    41,
    42,
    43,
    44,
    45,
    46,
    47,
    48,
    49,
    50
  ],
  "train_loss": [
    1.3000606125593186,
    1.2499633312225342,
    1.2276076971292496,
    1.22016370677948,
    1.2011723251342774,
    1.1905599563121796,
    1.1688160173892974,
    1.1336276205778122,
    1.1009421138763427,
    1.0640871475934983,
    1.0240354293584824,
    0.9696620208024979,
    0.8932498463392258,
    0.8390371679067612,
    0.7792306035757065,
    0.7320801551342011,
    0.6925685921907425,
    0.6621850286722183,
    0.634508245408535,
    0.6126558515429497,
    0.5944159656167031,
    0.5780478905439377,
    0.5630057298541069,
    0.5490858556628228,
    0.5358867389559746,
    0.5256428908109665,
    0.5133677020072936,
    0.501970184803009,
    0.49253139239549637,
    0.4875089458823204,
    0.4769926362633705,
    0.4684100326895714,
    0.4626530225276947,
    0.4544044887423515,
    0.44953554040193555,
    0.4414817305803299,
    0.4374735602736473,
    0.43185913264751435,
    0.4246368062496185,
    0.419983749628067,
    0.41530607533454894,
    0.4101619035005569,
    0.40481041073799134,
    0.4012001739740372,
    0.39691958111524583,
    0.3904260372519493,
    0.38764879876375197,
    0.38240389198064806,
    0.3798142961859703,
    0.37548943623900416
  ],
  "loss_components": {
    "reconstruction": [
      1.3000606125593186,
      1.2499633312225342,
      1.2276076971292496,
      1.22016370677948,
      1.2011723251342774,
      1.1905599563121796,
      1.1688160173892974,
      1.1336276205778122,
      1.1009421138763427,
      1.0640871475934983,
      1.0240354293584824,
      0.9696620208024979,
      0.8932498463392258,
      0.8390371679067612,
      0.7792306035757065,
      0.7320801551342011,
      0.6925685921907425,
      0.6621850286722183,
      0.634508245408535,
      0.6126558515429497,
      0.5944159656167031,
      0.5780478905439377,
      0.5630057298541069,
      0.5490858556628228,
      0.5358867389559746,
      0.5256428908109665,
      0.5133677020072936,
      0.501970184803009,
      0.49253139239549637,
      0.4875089458823204,
      0.4769926362633705,
      0.4684100326895714,
      0.4626530225276947,
      0.4544044887423515,
      0.44953554040193555,
      0.4414817305803299,
      0.4374735602736473,
      0.43185913264751435,
      0.4246368062496185,
      0.419983749628067,
      0.41530607533454894,
      0.4101619035005569,
      0.40481041073799134,
      0.4012001739740372,
      0.39691958111524583,
      0.3904260372519493,
      0.38764879876375197,
      0.38240389198064806,
      0.3798142961859703,
      0.37548943623900416
    ],
    "entropy": [
      0.0,
      0.0,
      0.0,
      0.0,
      0.0,
      0.0,
      0.0,
      0.0,
      0.0,
      0.0,
      0.0,
      0.0,
      0.0,
      0.0,
      0.0,
      0.0,
      0.0,
      0.0,
      0.0,
      0.0,
      0.0,
      0.0,
      0.0,
      0.0,
      0.0,
      0.0,
      0.0,
      0.0,
      0.0,
      0.0,
      0.0,
      0.0,
      0.0,
      0.0,
      0.0,
      0.0,
      0.0,
      0.0,
      0.0,
      0.0,
      0.0,
      0.0,
      0.0,
      0.0,
      0.0,
      0.0,
      0.0,
      0.0,
      0.0,
      0.0
    ],
    "alpha": [
      0.0,
      0.0,
      0.0,
      0.0,
      0.0,
      0.0,
      0.0,
      0.0,
      0.0,
      0.0,
      0.0,
      0.0,
      0.0,
      0.0,
      0.0,
      0.0,
      0.0,
      0.0,
      0.0,
      0.0,
      0.0,
      0.0,
      0.0,
      0.0,
      0.0,
      0.0,
      0.0,
      0.0,
      0.0,
      0.0,
      0.0,
      0.0,
      0.0,
      0.0,
      0.0,
      0.0,
      0.0,
      0.0,
      0.0,
      0.0,
      0.0,
      0.0,
      0.0,
      0.0,
      0.0,
      0.0,
      0.0,
      0.0,
      0.0,
      0.0
    ],
    "diversity": [
      0.0,
      0.0,
      0.0,
      0.0,
      0.0,
      0.0,
      0.0,
      0.0,
      0.0,
      0.0,
      0.0,
      0.0,
      0.0,
      0.0,
      0.0,
      0.0,
      0.0,
      0.0,
      0.0,
      0.0,
      0.0,
      0.0,
      0.0,
      0.0,
      0.0,
      0.0,
      0.0,
      0.0,
      0.0,
      0.0,
      0.0,
      0.0,
      0.0,
      0.0,
      0.0,
      0.0,
      0.0,
      0.0,
      0.0,
      0.0,
      0.0,
      0.0,
      0.0,
      0.0,
      0.0,
      0.0,
      0.0,
      0.0,
      0.0,
      0.0
    ]
  },
  "metrics": {
    "psnr": [
      -0.03789432346820831,
      -0.12636499106884003,
      -0.6923995018005371,
      -0.41231703758239746,
      -1.115555763244629,
      -0.15557149052619934,
      0.8204052448272705,
      0.5518620014190674,
      0.4553769528865814,
      0.11109767854213715,
      0.20045030117034912,
      0.8652259111404419,
      2.031078815460205,
      1.3705118894577026,
      2.7867534160614014,
      2.278043270111084,
      2.3446264266967773,
      2.745666027069092,
      3.5537524223327637,
      2.585402488708496,
      3.0855371952056885,
      3.2664811611175537,
      2.818523406982422,
      3.536879062652588,
      3.828895330429077,
      3.3245792388916016,
      3.518244504928589,
      3.761711597442627,
      3.64713978767395,
      4.072411060333252,
      2.579437255859375,
      5.780331611633301,
      5.651419639587402,
      5.161639213562012,
      4.989158630371094,
      4.962396621704102,
      4.942604064941406,
      4.96175479888916,
      4.391005516052246,
      4.697723388671875,
      4.2657976150512695,
      5.414769172668457,
      4.119622230529785,
      5.053774833679199,
      4.467925071716309,
      5.924915313720703,
      4.9106950759887695,
      4.239892959594727,
      5.902393817901611,
      5.240553855895996
    ],
    "ssim": [
      0.04225468635559082,
      0.07926914095878601,
      0.06730489432811737,
      0.06553464382886887,
      0.08777758479118347,
      0.08931440114974976,
      0.09887950122356415,
      0.21286292374134064,
      0.20056605339050293,
      0.22416049242019653,
      0.2709788680076599,
      0.24108333885669708,
      0.3367267847061157,
      0.4129384160041809,
      0.4308009743690491,
      0.5536283850669861,
      0.5779111981391907,
      0.4334229826927185,
      0.5595818758010864,
      0.46991389989852905,
      0.4738091230392456,
      0.6097847819328308,
      0.49853846430778503,
      0.5409233570098877,
      0.4971785247325897,
      0.651822566986084,
      0.39782094955444336,
      0.5947425961494446,
      0.5657810568809509,
      0.7323970198631287,
      0.47758468985557556,
      0.5903396010398865,
      0.591688871383667,
      0.6900211572647095,
      0.6370559334754944,
      0.6516303420066833,
      0.5085750222206116,
      0.6685420274734497,
      0.7137132287025452,
      0.5889464616775513,
      0.7081640958786011,
      0.633918821811676,
      0.6724684238433838,
      0.7321302890777588,
      0.5874556303024292,
      0.6542274355888367,
      0.6396768689155579,
      0.6420698165893555,
      0.7152085900306702,
      0.7924538254737854
    ],