{
  "epochs": [
    1,
    2,
    3,
    4,
    5,
    6,
    7,
    8,
    9,
    10,
    11,
    12,
    13,
    14,
    15,
    16,
    17,
    18,
    19,
    20,
    21,
    22,
    23,
    24,
    25,
    26,
    27,
    28,
    29,
    30,
    31,
    32,
    33,
    34,
    35,
    36,
    37,
    38,
    39,
    40,
    41,
    42,
    43,
    44,
    45,
    46,
    47,
    48,
    49,
    50
  ],
  "train_loss": [
    1.3247046809196472,
    1.2693250300884247,
    1.2502788033485412,
    1.2423898123502732,
    1.2418403972387313,
    1.238822004199028,
    1.2364625613689422,
    1.2270324892997742,
    1.2204888486862182,
    1.2200931953191758,
    1.2197775884866715,
    1.2153403923511505,
    1.2153658388853072,
    1.214314288496971,
    1.2168738614320755,
    1.2192070323228836,
    1.2169617125988006,
    1.2134308431148528,
    1.2127962497472764,
    1.212372102856636,
    1.2141220189332962,
    1.2154927940368652,
    1.215887829184532,
    1.2126146186590194,
    1.2117120666503907,
    1.2085505188703538,
    1.2023409970998764,
    1.1983464535474777,
    1.1946277290582656,
    1.192244859457016,
    1.1925146296024323,
    1.1915445441007615,
    1.1985119380950928,
    1.1941494895219802,
    1.1926384419202805,
    1.190031018614769,
    1.1893794310092927,
    1.189314688205719,
    1.1893379774093629,
    1.1888994249105453,
    1.189327610373497,
    1.1882626819610596,
    1.1885837510824204,
    1.1893547279834746,
    1.1885781602859498,
    1.1909889279603958,
    1.190112532377243,
    1.1881749913692474,
    1.1899698740243911,
    1.1888436146974564
  ],
  "loss_components": {
    "reconstruction": [
      1.3247046809196472,
      1.2693250300884247,
      1.2502788033485412,
      1.2423898123502732,
      1.2418403972387313,
      1.238822004199028,
      1.2364625613689422,
      1.2270324892997742,
      1.2204888486862182,
      1.2200931953191758,
      1.2197775884866715,
      1.2153403923511505,
      1.2153658388853072,
      1.214314288496971,
      1.2168738614320755,
      1.2192070323228836,
      1.2169617125988006,
      1.2134308431148528,
      1.2127962497472764,
      1.212372102856636,
      1.2141220189332962,
      1.2154927940368652,
      1.215887829184532,
      1.2126146186590194,
      1.2117120666503907,
      1.2085505188703538,
      1.2023409970998764,
      1.1983464535474777,
      1.1946277290582656,
      1.192244859457016,
      1.1925146296024323,
      1.1915445441007615,
      1.1985119380950928,
      1.1941494895219802,
      1.1926384419202805,
      1.190031018614769,
      1.1893794310092927,
      1.189314688205719,
      1.1893379774093629,
      1.1888994249105453,
      1.189327610373497,
      1.1882626819610596,
      1.1885837510824204,
      1.1893547279834746,
      1.1885781602859498,
      1.1909889279603958,
      1.190112532377243,
      1.1881749913692474,
      1.1899698740243911,
      1.1888436146974564
    ],
    "entropy": [
      0.0,
      0.0,
      0.0,
      0.0,
      0.0,
      0.0,
      0.0,
      0.0,
      0.0,
      0.0,
      0.0,
      0.0,
      0.0,
      0.0,
      0.0,
      0.0,
      0.0,
      0.0,
      0.0,
      0.0,
      0.0,
      0.0,
      0.0,
      0.0,
      0.0,
      0.0,
      0.0,
      0.0,
      0.0,
      0.0,
      0.0,
      0.0,
      0.0,
      0.0,
      0.0,
      0.0,
      0.0,
      0.0,
      0.0,
      0.0,
      0.0,
      0.0,
      0.0,
      0.0,
      0.0,
      0.0,
      0.0,
      0.0,
      0.0,
      0.0
    ],
    "alpha": [
      0.0,
      0.0,
      0.0,
      0.0,
      0.0,
      0.0,
      0.0,
      0.0,
      0.0,
      0.0,
      0.0,
      0.0,
      0.0,
      0.0,
      0.0,
      0.0,
      0.0,
      0.0,
      0.0,
      0.0,
      0.0,
      0.0,
      0.0,
      0.0,
      0.0,
      0.0,
      0.0,
      0.0,
      0.0,
      0.0,
      0.0,
      0.0,
      0.0,
      0.0,
      0.0,
      0.0,
      0.0,
      0.0,
      0.0,
      0.0,
      0.0,
      0.0,
      0.0,
      0.0,
      0.0,
      0.0,
      0.0,
      0.0,
      0.0,
      0.0
    ],
    "diversity": [
      0.0,
      0.0,
      0.0,
      0.0,
      0.0,
      0.0,
      0.0,
      0.0,
      0.0,
      0.0,
      0.0,
      0.0,
      0.0,
      0.0,
      0.0,
      0.0,
      0.0,
      0.0,
      0.0,
      0.0,
      0.0,
      0.0,
      0.0,
      0.0,
      0.0,
      0.0,
      0.0,
      0.0,
      0.0,
      0.0,
      0.0,
      0.0,
      0.0,
      0.0,
      0.0,
      0.0,
      0.0,
      0.0,
      0.0,
      0.0,
      0.0,
      0.0,
      0.0,
      0.0,
      0.0,
      0.0,
      0.0,
      0.0,
      0.0,
      0.0
    ]
  },
  "metrics": {
    "psnr": [
      -0.8804826736450195,
      -0.9958739280700684,
      -0.6884337067604065,
      -1.176417350769043,
      0.6095305681228638,
      -0.5154536366462708,
      -0.23858332633972168,
      -0.3242090344429016,
      -1.0445283651351929,
      0.17810262739658356,
      -0.41756659746170044,
      -0.5802733898162842,
      -0.8294340372085571,
      -0.42792272567749023,
      -0.643444299697876,
      -0.25975847244262695,
      -0.8585208654403687,
      0.15149140357971191,
      0.19344885647296906,
      -0.8058845400810242,
      -1.7272319793701172,
      -0.2155759334564209,
      -0.3007638454437256,
      -0.5301970839500427,
      2.580881118774414e-05,
      -0.29921767115592957,
      -0.9032753109931946,
      -0.1352294683456421,
      -0.0756121426820755,
      -0.33994847536087036,
      -0.30787360668182373,
      -0.1596355140209198,
      -0.33692294359207153,
      -0.02758614718914032,
      -0.28501003980636597,
      -0.625820517539978,
      -0.6440345048904419,
      -0.9536312818527222,
      0.08130618929862976,
      0.5309404134750366,
      -0.5777297019958496,
      -0.38372859358787537,
      -0.5130656957626343,
      -0.7615951895713806,
      -0.31007859110832214,
      -0.43371641635894775,
      -0.5738896727561951,
      -0.6018049120903015,
      -0.0490008145570755,
      0.06705217063426971
    ],
    "ssim": [
      0.01834450662136078,
      0.00970517285168171,
      0.004467855207622051,
      0.030468996614217758,
      0.01247839443385601,
      0.013358636759221554,
      0.016021225601434708,
      0.04703855514526367,
      0.02594257891178131,
      0.06835126876831055,
      0.06236480176448822,
      0.06104239076375961,
      0.02926187962293625,
      0.06062029302120209,
      0.020594194531440735,
      0.05778404325246811,
      0.0031797338742762804,
      0.02926512062549591,
      0.052662529051303864,
      0.08497260510921478,
      0.046858787536621094,
      0.017994534224271774,
      0.024886230006814003,
      0.02242717146873474,
      0.03243406116962433,
      0.058311235159635544,
      0.08428975939750671,
      0.09608294814825058,
      0.08268317580223083,
      0.05697022005915642,
      0.1336120367050171,
      0.07846345007419586,
      0.1061481386423111,
      0.11257396638393402,
      0.06375885009765625,
      0.08152388781309128,
      0.05826904997229576,
      0.07415327429771423,
      0.0861237496137619,
      0.04629417881369591,
      0.1299889087677002,
      0.05898159742355347,
      0.07439597696065903,
      0.08387382328510284,
      0.08835066854953766,
      0.11223341524600983,
      0.10302292555570602,
      0.054482925683259964,
      0.06374851614236832,
      0.06060666963458061
    ],