{
  "epochs": [
    1,
    2,
    3,
    4,
    5,
    6,
    7,
    8,
    9,
    10,
    11,
    12,
    13,
    14,
    15,
    16,
    17,
    18,
    19,
    20,
    21,
    22,
    23,
    24,
    25,
    26,
    27,
    28,
    29,
    30,
    31,
    32,
    33,
    34,
    35,
    36,
    37,
    38,
    39,
    40,
    41,
    42,
    43,
    44,
    45,
    46,
    47,
    48,
    49,
    50
  ],
  "train_loss": [
    1.3137269988059999,
    1.270313404083252,
    1.2601116778850556,
    1.2477989995479584,
    1.2422572021484375,
    1.23211750459671,
    1.2222082197666169,
    1.2166757115125657,
    1.2150983461141587,
    1.2163263918161393,
    1.21431552028656,
    1.213079283475876,
    1.2125261274576187,
    1.2120704169273377,
    1.2116024658679962,
    1.2111209136247636,
    1.2115662376880645,
    1.2106887526512147,
    1.2092464144229889,
    1.2100216928720475,
    1.2031583244800568,
    1.189641455769539,
    1.1673004260063171,
    1.1554382774829866,
    1.1478976291418075,
    1.1420886743068694,
    1.1363890652656554,
    1.13291803753376,
    1.1258927649259567,
    1.1002083251476287,
    1.0712249772548676,
    1.00782068669796,
    0.9652755193710327,
    0.9368049815893174,
    0.9101475257873535,
    0.8841430675983429,
    0.8590127836465835,
    0.832307403087616,
    0.8045323786735534,
    0.7811819845438004,
    0.7585753679275513,
    0.7400754587650299,
    0.7211154559850693,
    0.7007196662425995,
    0.680477896630764,
    0.6622136170268059,
    0.6456458933353424,
    0.6292050072550773,
    0.6133126903772355,
    0.602228648841381
  ],
  "loss_components": {
    "reconstruction": [
      1.3137269988059999,
      1.270313404083252,
      1.2601116778850556,
      1.2477989995479584,
      1.2422572021484375,
      1.23211750459671,
      1.2222082197666169,
      1.2166757115125657,
      1.2150983461141587,
      1.2163263918161393,
      1.21431552028656,
      1.213079283475876,
      1.2125261274576187,
      1.2120704169273377,
      1.2116024658679962,
      1.2111209136247636,
      1.2115662376880645,
      1.2106887526512147,
      1.2092464144229889,
      1.2100216928720475,
      1.2031583244800568,
      1.189641455769539,
      1.1673004260063171,
      1.1554382774829866,
      1.1478976291418075,
      1.1420886743068694,
      1.1363890652656554,
      1.13291803753376,
      1.1258927649259567,
      1.1002083251476287,
      1.0712249772548676,
      1.00782068669796,
      0.9652755193710327,
      0.9368049815893174,
      0.9101475257873535,
      0.8841430675983429,
      0.8590127836465835,
      0.832307403087616,
      0.8045323786735534,
      0.7811819845438004,
      0.7585753679275513,
      0.7400754587650299,
      0.7211154559850693,
      0.7007196662425995,
      0.680477896630764,
      0.6622136170268059,
      0.6456458933353424,
      0.6292050072550773,
      0.6133126903772355,
      0.602228648841381
    ],
    "entropy": [
      0.0,
      0.0,
      0.0,
      0.0,
      0.0,
      0.0,
      0.0,
      0.0,
      0.0,
      0.0,
      0.0,
      0.0,
      0.0,
      0.0,
      0.0,
      0.0,
      0.0,
      0.0,
      0.0,
      0.0,
      0.0,
      0.0,
      0.0,
      0.0,
      0.0,
      0.0,
      0.0,
      0.0,
      0.0,
      0.0,
      0.0,
      0.0,
      0.0,
      0.0,
      0.0,
      0.0,
      0.0,
      0.0,
      0.0,
      0.0,
      0.0,
      0.0,
      0.0,
      0.0,
      0.0,
      0.0,
      0.0,
      0.0,
      0.0,
      0.0
    ],
    "alpha": [
      0.0,
      0.0,
      0.0,
      0.0,
      0.0,
      0.0,
      0.0,
      0.0,
      0.0,
      0.0,
      0.0,
      0.0,
      0.0,
      0.0,
      0.0,
      0.0,
      0.0,
      0.0,
      0.0,
      0.0,
      0.0,
      0.0,
      0.0,
      0.0,
      0.0,
      0.0,
      0.0,
      0.0,
      0.0,
      0.0,
      0.0,
      0.0,
      0.0,
      0.0,
      0.0,
      0.0,
      0.0,
      0.0,
      0.0,
      0.0,
      0.0,
      0.0,
      0.0,
      0.0,
      0.0,
      0.0,
      0.0,
      0.0,
      0.0,
      0.0
    ],
    "diversity": [
      0.0,
      0.0,
      0.0,
      0.0,
      0.0,
      0.0,
      0.0,
      0.0,
      0.0,
      0.0,
      0.0,
      0.0,
      0.0,
      0.0,
      0.0,
      0.0,
      0.0,
      0.0,
      0.0,
      0.0,
      0.0,
      0.0,
      0.0,
      0.0,
      0.0,
      0.0,
      0.0,
      0.0,
      0.0,
      0.0,
      0.0,
      0.0,
      0.0,
      0.0,
      0.0,
      0.0,
      0.0,
      0.0,
      0.0,
      0.0,
      0.0,
      0.0,
      0.0,
      0.0,
      0.0,
      0.0,
      0.0,
      0.0,
      0.0,
      0.0
    ]
  },
  "metrics": {
    "psnr": [
      -0.4005812108516693,
      -0.6580774784088135,
      -0.9743357300758362,
      -0.21099284291267395,
      -0.17804570496082306,
      -1.1874072551727295,
      -0.4637853801250458,
      -0.4006579518318176,
      -0.9461008310317993,
      -0.3597017526626587,
      0.026971012353897095,
      -0.14590027928352356,
      -0.9770129919052124,
      0.0788140743970871,
      0.0696774572134018,
      -1.0987539291381836,
      0.10169360041618347,
      -0.14864537119865417,
      -0.4640062153339386,
      -0.9813743829727173,
      -0.3821554183959961,
      -0.5327039957046509,
      -0.499206006526947,
      -0.26214101910591125,
      0.7685244083404541,
      -0.40202072262763977,
      -0.5292717218399048,
      -0.031169146299362183,
      -0.462213397026062,
      0.7186001539230347,
      -0.1598743200302124,
      0.5526986122131348,
      1.1229643821716309,
      0.47117263078689575,
      0.8559939861297607,
      1.0554449558258057,
      1.81467604637146,
      1.7533478736877441,
      2.195979356765747,
      2.2507247924804688,
      1.412340521812439,
      1.7374482154846191,
      2.4719011783599854,
      2.058330535888672,
      2.204289674758911,
      2.534029006958008,
      2.797447443008423,
      3.357175827026367,
      2.5805253982543945,
      3.6236000061035156
    ],
    "ssim": [
      -0.002867843024432659,
      0.005736296996474266,
      0.045487284660339355,
      0.02555520087480545,
      0.03450164943933487,
      0.03800482302904129,
      0.05329526215791702,
      0.07136359810829163,
      0.06922215968370438,
      0.07013949751853943,
      0.06995236128568649,
      0.08868619799613953,
      0.07557634264230728,
      0.030666641891002655,
      0.04148172587156296,
      0.03444861248135567,
      0.037487708032131195,
      0.08947669714689255,
      0.048403769731521606,
      0.03955502063035965,
      0.04054654389619827,
      0.07705441862344742,
      0.08677162230014801,
      0.16262981295585632,
      0.09544612467288971,
      0.16772416234016418,
      0.12454251945018768,
      0.17392827570438385,
      0.1830393671989441,
      0.07854488492012024,
      0.22213461995124817,
      0.3114677667617798,
      0.3760054111480713,
      0.190026193857193,
      0.3874804973602295,
      0.32655036449432373,
      0.5241559743881226,
      0.47064709663391113,
      0.3160169720649719,
      0.4310534596443176,
      0.40710967779159546,
      0.47141754627227783,
      0.4091308116912842,
      0.509236216545105,
      0.348905473947525,
      0.5042892694473267,
      0.5376312732696533,
      0.6285400390625,
      0.5994051694869995,
      0.5335861444473267
    ],